{"cameraMode":{"drawMode":0,"name":"Shaded","section":"Shading Mode"},"sceneLighting":false,"audioPlay":false,"sceneViewState":{"showFog":true,"showMaterialUpdate":false,"showSkybox":false,"showFlares":true,"showImageEffects":true,"showParticleSystems":true},"in2DMode":false,"pivot":{"x":-0.7959190607070923,"y":1.4414552450180054,"z":-0.4808011054992676},"rotation":{"x":-0.16371671855449677,"y":-0.5634418725967407,"z":0.11498263478279114,"w":-0.8017122149467468},"size":4.0353288650512699,"orthographic":false}