{"cameraMode":{"drawMode":0,"name":"Shaded","section":"Shading Mode"},"sceneLighting":false,"audioPlay":false,"sceneViewState":{"showFog":true,"showMaterialUpdate":false,"showSkybox":false,"showFlares":true,"showImageEffects":true,"showParticleSystems":true},"in2DMode":false,"pivot":{"x":1.6048200130462647,"y":0.9948283433914185,"z":-3.1889026165008547},"rotation":{"x":0.006139785051345825,"y":0.9578679203987122,"z":0.019673744216561319,"w":-0.2871440052986145},"size":3.0323104858398439,"orthographic":false}