{"cameraMode":{"drawMode":0,"name":"Shaded","section":"Shading Mode"},"sceneLighting":true,"audioPlay":false,"sceneViewState":{"showFog":true,"showMaterialUpdate":false,"showSkybox":true,"showFlares":true,"showImageEffects":true,"showParticleSystems":true},"in2DMode":false,"pivot":{"x":0.0,"y":-0.3100000023841858,"z":-36.09299850463867},"rotation":{"x":0.04509658366441727,"y":0.9254974722862244,"z":-0.3592830002307892,"w":0.11401313543319702},"size":3.3866019248962404,"orthographic":false}